{"type":"UIControl","widthType":"RELATIVE","heightType":"RELATIVE","name":"Root","children":[{"type":"UIControl","widthType":"RELATIVE","heightType":"RELATIVE","name":"menuMain","visible":false,"children":[{"type":"UIImage","x":0.5,"y":-0.5,"width":-1,"height":1,"xAnchor":0.5,"yAnchor":0.5,"align":"CENTER","widthType":"RELATIVE","heightType":"RELATIVE","image":"../textures/menuBg.png"},{"type":"UIImage","width":270,"height":272,"xAnchor":0.5,"yAnchor":0.5,"align":"CENTER","children":[{"type":"UILabel","y":-20,"width":254,"height":20,"xAnchor":0.5,"align":"TOP","textComponent":{"text":"Main Menu","font":{"align":"CENTER","padding":{},"typeFace":"mainfnt.fnt"}}},{"type":"UIButton","y":26,"width":206,"height":34,"xAnchor":0.5,"align":"TOP","name":"btnMission","textComponent":{"text":"Mission","font":{"align":"CENTER","padding":{},"typeFace":"segeo12.fnt"}},"scale9Component":{"padding":{"left":16,"right":16},"imageComponent":{"filename":"../textures/button.png"},"repeat":true}},{"type":"UIButton","y":-24,"width":206,"height":34,"xAnchor":0.5,"yAnchor":1,"align":"BOTTOM","name":"btnQuit","textComponent":{"text":"Quit","font":{"align":"CENTER","padding":{},"typeFace":"segeo12.fnt"}},"scale9Component":{"padding":{"left":16,"right":16},"imageComponent":{"filename":"../textures/button.png"},"repeat":true}},{"type":"UIButton","y":110,"width":206,"height":34,"xAnchor":0.5,"align":"TOP","name":"btnHowToPlay","textComponent":{"text":"How To Play","font":{"align":"CENTER","padding":{},"typeFace":"segeo12.fnt"}},"scale9Component":{"padding":{"left":16,"right":16},"imageComponent":{"filename":"../textures/button.png"},"repeat":true}},{"type":"UIButton","y":68,"width":206,"height":34,"xAnchor":0.5,"align":"TOP","name":"btnSandbox","textComponent":{"text":"Sandbox","font":{"align":"CENTER","padding":{},"typeFace":"segeo12.fnt"}},"scale9Component":{"padding":{"left":16,"right":16},"imageComponent":{"filename":"../textures/button.png"},"repeat":true}}],"scale9Component":{"padding":{"left":24,"right":24,"top":24,"bottom":24},"imageComponent":{"filename":"../textures/Frame.png"}}}]},{"type":"UIControl","widthType":"RELATIVE","heightType":"RELATIVE","name":"menuGame","visible":false,"children":[{"type":"UIPanel","widthType":"RELATIVE","heightType":"RELATIVE","style":"blur","color":"535353ff"},{"type":"UIImage","width":270,"height":268,"xAnchor":0.5,"yAnchor":0.5,"align":"CENTER","children":[{"type":"UILabel","y":-20,"width":254,"height":20,"xAnchor":0.5,"align":"TOP","textComponent":{"text":"Paused","font":{"align":"CENTER","padding":{},"typeFace":"mainfnt.fnt"}}},{"type":"UIButton","y":26,"width":206,"height":34,"xAnchor":0.5,"align":"TOP","name":"btnReturnToMission","textComponent":{"text":"Return to mission (esc)","font":{"align":"CENTER","padding":{},"typeFace":"segeo12.fnt"}},"scale9Component":{"padding":{"left":16,"right":16},"imageComponent":{"filename":"../textures/button.png"},"repeat":true}},{"type":"UIButton","y":-28,"width":206,"height":34,"xAnchor":0.5,"yAnchor":1,"align":"BOTTOM","name":"btnQuit","textComponent":{"text":"Quit to windows","font":{"align":"CENTER","padding":{},"typeFace":"segeo12.fnt"}},"scale9Component":{"padding":{"left":16,"right":16},"imageComponent":{"filename":"../textures/button.png"},"repeat":true}},{"type":"UIButton","y":110,"width":206,"height":34,"xAnchor":0.5,"align":"TOP","name":"btnQuitMission","textComponent":{"text":"Quit Mission","font":{"align":"CENTER","padding":{},"typeFace":"segeo12.fnt"}},"scale9Component":{"padding":{"left":16,"right":16},"imageComponent":{"filename":"../textures/button.png"},"repeat":true}},{"type":"UIButton","y":68,"width":206,"height":34,"xAnchor":0.5,"align":"TOP","name":"btnRestartMission","textComponent":{"text":"Retart Mission","font":{"align":"CENTER","padding":{},"typeFace":"segeo12.fnt"}},"scale9Component":{"padding":{"left":16,"right":16},"imageComponent":{"filename":"../textures/button.png"},"repeat":true}}],"scale9Component":{"padding":{"left":24,"right":24,"top":24,"bottom":24},"imageComponent":{"filename":"../textures/Frame.png"}}}]},{"type":"UIControl","widthType":"RELATIVE","heightType":"RELATIVE","name":"menuVictory","visible":false,"children":[{"type":"UIPanel","widthType":"RELATIVE","heightType":"RELATIVE","style":"blur","color":"535353ff"},{"type":"UIImage","width":446,"height":286,"xAnchor":0.5,"yAnchor":0.5,"align":"CENTER","children":[{"type":"UILabel","y":-20,"width":254,"height":20,"xAnchor":0.5,"align":"TOP","textComponent":{"text":"Congratulation","font":{"align":"CENTER","padding":{},"typeFace":"mainfnt.fnt"}}},{"type":"UIButton","x":-77,"y":-26,"width":206,"height":34,"xAnchor":0.5,"yAnchor":1,"align":"BOTTOM","name":"btnQuit","textComponent":{"text":"Quit to windows","font":{"align":"CENTER","padding":{},"typeFace":"segeo12.fnt"}},"scale9Component":{"padding":{"left":16,"right":16},"imageComponent":{"filename":"../textures/button.png"},"repeat":true}},{"type":"UIButton","x":-77,"y":120,"width":206,"height":34,"xAnchor":0.5,"align":"TOP","name":"btnQuitMission","textComponent":{"text":"Main Menu","font":{"align":"CENTER","padding":{},"typeFace":"segeo12.fnt"}},"scale9Component":{"padding":{"left":16,"right":16},"imageComponent":{"filename":"../textures/button.png"},"repeat":true}},{"type":"UIButton","x":-77,"y":78,"width":206,"height":34,"xAnchor":0.5,"align":"TOP","name":"btnRestartMission","textComponent":{"text":"Retart Mission","font":{"align":"CENTER","padding":{},"typeFace":"segeo12.fnt"}},"scale9Component":{"padding":{"left":16,"right":16},"imageComponent":{"filename":"../textures/button.png"},"repeat":true}},{"type":"UILabel","y":20,"width":326,"height":50,"xAnchor":0.5,"align":"TOP","textComponent":{"text":"Victory!!!","font":{"align":"CENTER","padding":{},"typeFace":"mainfnt.fnt"}}},{"type":"UIImage","x":264,"y":85,"width":164,"height":164,"image":"../textures/trophy.png"}],"scale9Component":{"padding":{"left":24,"right":24,"top":24,"bottom":24},"imageComponent":{"filename":"../textures/Frame.png"}}}]},{"type":"UIControl","widthType":"RELATIVE","heightType":"RELATIVE","name":"menuDead","visible":false,"children":[{"type":"UIPanel","widthType":"RELATIVE","heightType":"RELATIVE","style":"blur","color":"535353ff"},{"type":"UIImage","width":378,"height":278,"xAnchor":0.5,"yAnchor":0.5,"align":"CENTER","children":[{"type":"UILabel","y":-20,"width":254,"height":20,"xAnchor":0.5,"align":"TOP","textComponent":{"text":"Boooooo","font":{"align":"CENTER","padding":{},"typeFace":"mainfnt.fnt"}}},{"type":"UIButton","x":-60,"y":-24,"width":206,"height":34,"xAnchor":0.5,"yAnchor":1,"align":"BOTTOM","name":"btnQuit","textComponent":{"text":"Quit to windows","font":{"align":"CENTER","padding":{},"typeFace":"segeo12.fnt"}},"scale9Component":{"padding":{"left":16,"right":16},"imageComponent":{"filename":"../textures/button.png"},"repeat":true}},{"type":"UIButton","x":-60,"y":120,"width":206,"height":34,"xAnchor":0.5,"align":"TOP","name":"btnQuitMission","textComponent":{"text":"Main Menu","font":{"align":"CENTER","padding":{},"typeFace":"segeo12.fnt"}},"scale9Component":{"padding":{"left":16,"right":16},"imageComponent":{"filename":"../textures/button.png"},"repeat":true}},{"type":"UIButton","x":-60,"y":78,"width":206,"height":34,"xAnchor":0.5,"align":"TOP","name":"btnRestartMission","textComponent":{"text":"Retart Mission","font":{"align":"CENTER","padding":{},"typeFace":"segeo12.fnt"}},"scale9Component":{"padding":{"left":16,"right":16},"imageComponent":{"filename":"../textures/button.png"},"repeat":true}},{"type":"UILabel","y":20,"width":326,"height":50,"xAnchor":0.5,"align":"TOP","textComponent":{"text":"You died.... Try again.","font":{"align":"CENTER","padding":{},"typeFace":"mainfnt.fnt"}}},{"type":"UIImage","x":233,"y":97,"width":137,"height":137,"image":"../textures/dogtag.png"}],"scale9Component":{"padding":{"left":24,"right":24,"top":24,"bottom":24},"imageComponent":{"filename":"../textures/Frame.png"}}}]},{"type":"UIControl","widthType":"RELATIVE","heightType":"RELATIVE","name":"menuHelp","visible":false,"children":[{"type":"UIImage","x":0.5,"y":-0.5,"width":-1,"height":1,"xAnchor":0.5,"yAnchor":0.5,"align":"CENTER","widthType":"RELATIVE","heightType":"RELATIVE","image":"../textures/menuBg.png"},{"type":"UIImage","y":10,"width":624,"height":444,"xAnchor":0.5,"yAnchor":0.5,"align":"CENTER","children":[{"type":"UILabel","y":-20,"width":254,"height":20,"xAnchor":0.5,"align":"TOP","textComponent":{"text":"How to Play","font":{"align":"CENTER","padding":{},"typeFace":"mainfnt.fnt"}}},{"type":"UIButton","x":-26,"y":-24,"width":106,"height":34,"xAnchor":1,"yAnchor":1,"align":"BOTTOM_RIGHT","name":"btnBack","textComponent":{"text":"Back","font":{"align":"CENTER","padding":{},"typeFace":"segeo12.fnt"}},"scale9Component":{"padding":{"left":16,"right":16},"imageComponent":{"filename":"../textures/button.png"},"repeat":true}},{"type":"UIImage","x":43,"y":36,"width":82,"height":82,"children":[{"type":"UILabel","x":90,"width":190,"height":16,"children":[{"type":"UILabel","y":16,"width":190,"height":16,"textComponent":{"text":"You can't shoot.","font":{"align":"LEFT","padding":{},"typeFace":"segeo12.fnt"}}},{"type":"UILabel","y":32,"width":190,"height":16,"textComponent":{"text":"If you die, you lose.","font":{"align":"LEFT","padding":{},"typeFace":"segeo12.fnt"}}}],"textComponent":{"text":"This is you, the general.","font":{"align":"LEFT","padding":{},"typeFace":"segeo12.fnt"}}}],"image":"../textures/helpGeneral.png"},{"type":"UIImage","x":491,"y":21,"width":90,"height":90,"children":[{"type":"UILabel","x":-198,"y":17,"width":190,"height":16,"textComponent":{"text":"Move by using ^990ASWD^999 keys.","font":{"align":"RIGHT","padding":{},"typeFace":"segeo12.fnt"}}}],"image":"../textures/helpASWD.png"},{"type":"UIImage","x":43,"y":126,"width":167,"height":167,"children":[{"type":"UILabel","x":175,"width":190,"height":16,"children":[{"type":"UILabel","y":16,"width":190,"height":16,"textComponent":{"text":"DONT GO ALONE.","font":{"align":"LEFT","padding":{},"typeFace":"segeo12.fnt"}}},{"type":"UILabel","y":32,"width":190,"height":16,"textComponent":{"text":"If you die, you lose.","font":{"align":"LEFT","padding":{},"typeFace":"segeo12.fnt"}}}],"textComponent":{"text":"Ask soldiers to follow you by pressing ^991E^999 or ^991 Left Mouse","font":{"align":"LEFT","padding":{},"typeFace":"segeo12.fnt"}}},{"type":"UILabel","x":175,"y":68,"width":190,"height":16,"textComponent":{"text":"Leave soldiers behind by pressing ^991Q^999 or ^991Right Mouse","font":{"align":"LEFT","padding":{},"typeFace":"segeo12.fnt"}}}],"image":"../textures/helpFollow.png"},{"type":"UILabel","x":113,"y":325,"width":261,"height":16,"children":[{"type":"UILabel","y":24,"width":190,"height":16,"textComponent":{"text":"- Puting your ^991mouse^999 on the edge of the screen","font":{"align":"LEFT","padding":{},"typeFace":"segeo12.fnt"}}},{"type":"UILabel","y":40,"width":190,"height":16,"textComponent":{"text":"- Using ^991Arrow Keys","font":{"align":"LEFT","padding":{},"typeFace":"segeo12.fnt"}}},{"type":"UILabel","y":56,"width":190,"height":16,"textComponent":{"text":"- Dragging with ^991Middle Mouse^999 button","font":{"align":"LEFT","padding":{},"typeFace":"segeo12.fnt"}}},{"type":"UILabel","y":72,"width":190,"height":16,"textComponent":{"text":"- Press ^991Space Bar^999 to focus camera on the General","font":{"align":"LEFT","padding":{},"typeFace":"segeo12.fnt"}}}],"textComponent":{"text":"Pan the view","font":{"align":"CENTER","padding":{},"typeFace":"mainfnt.fnt"}}}],"scale9Component":{"padding":{"left":24,"right":24,"top":24,"bottom":24},"imageComponent":{"filename":"../textures/Frame.png"}}}]}]}